condition,size,time
noad,100,0.00514507
noad,100,3.09944e-06
noad,100,2.86102e-06
noad,100,1.90735e-06
noad,100,2.14577e-06
noad,100,1.90735e-06
noad,100,1.90735e-06
noad,100,1.90735e-06
noad,100,1.90735e-06
noad,100,2.14577e-06
noad,100,1.90735e-06
noad,100,3.09944e-06
noad,100,1.90735e-06
noad,100,1.90735e-06
noad,100,2.14577e-06
noad,100,2.86102e-06
noad,100,3.09944e-06
noad,100,1.90735e-06
noad,100,3.09944e-06
noad,100,2.86102e-06
noad,100,1.90735e-06
noad,100,1.90735e-06
noad,100,1.90735e-06
noad,100,2.14577e-06
noad,100,1.90735e-06
noad,100,2.14577e-06
noad,100,1.90735e-06
noad,100,1.90735e-06
noad,100,2.14577e-06
noad,100,1.90735e-06
noad,100,2.14577e-06
noad,100,1.90735e-06
noad,100,2.14577e-06
noad,100,1.90735e-06
noad,100,1.90735e-06
noad,100,2.14577e-06
noad,100,1.90735e-06
noad,100,2.14577e-06
noad,100,1.90735e-06
noad,100,1.90735e-06
noad,100,2.14577e-06
noad,100,1.90735e-06
noad,100,2.14577e-06
noad,100,1.90735e-06
noad,100,2.14577e-06
noad,100,1.90735e-06
noad,100,3.09944e-06
noad,100,2.14577e-06
noad,100,1.90735e-06
noad,100,3.09944e-06
noad,100,1.90735e-06
noad,100,1.90735e-06
noad,100,2.14577e-06
noad,100,2.86102e-06
noad,100,2.14577e-06
noad,100,2.86102e-06
noad,100,2.14577e-06
noad,100,1.90735e-06
noad,100,2.14577e-06
noad,100,1.90735e-06
noad,100,1.90735e-06
noad,100,2.14577e-06
noad,100,1.90735e-06
noad,100,2.14577e-06
noad,100,1.90735e-06
noad,100,1.90735e-06
noad,100,1.90735e-06
noad,100,1.90735e-06
noad,100,2.14577e-06
noad,100,1.90735e-06
noad,100,2.14577e-06
noad,100,1.90735e-06
noad,100,1.90735e-06
noad,100,2.14577e-06
noad,100,1.90735e-06
noad,100,2.14577e-06
noad,100,1.90735e-06
noad,100,1.90735e-06
noad,100,2.86102e-06
noad,100,2.14577e-06
noad,100,1.90735e-06
noad,100,1.90735e-06
noad,100,2.14577e-06
noad,100,1.90735e-06
noad,100,2.14577e-06
noad,100,1.90735e-06
noad,100,1.90735e-06
noad,100,2.14577e-06
noad,100,1.90735e-06
noad,100,2.14577e-06
noad,100,1.90735e-06
noad,100,2.14577e-06
noad,100,1.90735e-06
noad,100,1.90735e-06
noad,100,2.14577e-06
noad,100,1.90735e-06
noad,100,3.09944e-06
noad,100,2.86102e-06
noad,100,3.09944e-06
noad,100,3.09944e-06
noad,200,0.00453806
noad,200,4.76837e-06
noad,200,5.00679e-06
noad,200,4.05312e-06
noad,200,4.05312e-06
noad,200,4.05312e-06
noad,200,4.05312e-06
noad,200,3.8147e-06
noad,200,3.8147e-06
noad,200,5.00679e-06
noad,200,5.00679e-06
noad,200,4.05312e-06
noad,200,5.00679e-06
noad,200,5.00679e-06
noad,200,4.76837e-06
noad,200,3.8147e-06
noad,200,3.8147e-06
noad,200,3.8147e-06
noad,200,3.8147e-06
noad,200,5.00679e-06
noad,200,5.00679e-06
noad,200,5.00679e-06
noad,200,1.3113e-05
noad,200,4.05312e-06
noad,200,4.05312e-06
noad,200,5.00679e-06
noad,200,1.40667e-05
noad,200,3.50475e-05
noad,200,7.15256e-06
noad,200,5.96046e-06
noad,200,5.00679e-06
noad,200,5.00679e-06
noad,200,3.8147e-06
noad,200,4.05312e-06
noad,200,1.78814e-05
noad,200,1.3113e-05
noad,200,1.40667e-05
noad,200,1.40667e-05
noad,200,1.3113e-05
noad,200,2.12193e-05
noad,200,4.05312e-06
noad,200,5.00679e-06
noad,200,5.00679e-06
noad,200,4.05312e-06
noad,200,4.05312e-06
noad,200,3.00407e-05
noad,200,1.40667e-05
noad,200,1.3113e-05
noad,200,1.3113e-05
noad,200,1.3113e-05
noad,200,1.28746e-05
noad,200,1.28746e-05
noad,200,2.28882e-05
noad,200,6.91414e-06
noad,200,7.15256e-06
noad,200,8.10623e-06
noad,200,6.91414e-06
noad,200,7.15256e-06
noad,200,6.91414e-06
noad,200,6.91414e-06
noad,200,7.15256e-06
noad,200,6.91414e-06
noad,200,6.91414e-06
noad,200,7.15256e-06
noad,200,6.91414e-06
noad,200,7.15256e-06
noad,200,7.15256e-06
noad,200,6.91414e-06
noad,200,8.10623e-06
noad,200,6.91414e-06
noad,200,6.91414e-06
noad,200,7.15256e-06
noad,200,7.15256e-06
noad,200,6.91414e-06
noad,200,7.15256e-06
noad,200,8.10623e-06
noad,200,6.91414e-06
noad,200,6.91414e-06
noad,200,6.91414e-06
noad,200,6.91414e-06
noad,200,6.91414e-06
noad,200,6.91414e-06
noad,200,6.91414e-06
noad,200,7.15256e-06
noad,200,5.96046e-06
noad,200,6.91414e-06
noad,200,7.15256e-06
noad,200,6.91414e-06
noad,200,7.86781e-06
noad,200,7.15256e-06
noad,200,6.91414e-06
noad,200,6.91414e-06
noad,200,7.15256e-06
noad,200,6.91414e-06
noad,200,7.15256e-06
noad,200,8.10623e-06
noad,200,7.15256e-06
noad,200,6.91414e-06
noad,200,7.15256e-06
noad,200,7.15256e-06
noad,300,0.00677991
noad,300,8.82149e-06
noad,300,7.86781e-06
noad,300,7.86781e-06
noad,300,8.82149e-06
noad,300,7.86781e-06
noad,300,8.10623e-06
noad,300,8.10623e-06
noad,300,8.10623e-06
noad,300,9.05991e-06
noad,300,7.86781e-06
noad,300,8.82149e-06
noad,300,8.82149e-06
noad,300,8.10623e-06
noad,300,9.05991e-06
noad,300,8.10623e-06
noad,300,8.10623e-06
noad,300,7.86781e-06
noad,300,7.86781e-06
noad,300,7.86781e-06
noad,300,9.05991e-06
noad,300,8.10623e-06
noad,300,8.10623e-06
noad,300,7.86781e-06
noad,300,7.86781e-06
noad,300,9.05991e-06
noad,300,8.10623e-06
noad,300,8.10623e-06
noad,300,7.86781e-06
noad,300,7.86781e-06
noad,300,7.86781e-06
noad,300,9.05991e-06
noad,300,8.10623e-06
noad,300,9.05991e-06
noad,300,8.10623e-06
noad,300,7.86781e-06
noad,300,9.05991e-06
noad,300,8.10623e-06
noad,300,8.10623e-06
noad,300,9.05991e-06
noad,300,7.86781e-06
noad,300,7.86781e-06
noad,300,8.10623e-06
noad,300,9.05991e-06
noad,300,8.10623e-06
noad,300,7.86781e-06
noad,300,8.82149e-06
noad,300,8.10623e-06
noad,300,9.05991e-06
noad,300,8.10623e-06
noad,300,9.05991e-06
noad,300,7.86781e-06
noad,300,7.86781e-06
noad,300,7.86781e-06
noad,300,8.10623e-06
noad,300,8.10623e-06
noad,300,9.05991e-06
noad,300,7.86781e-06
noad,300,8.82149e-06
noad,300,7.86781e-06
noad,300,8.10623e-06
noad,300,8.10623e-06
noad,300,8.10623e-06
noad,300,7.86781e-06
noad,300,7.86781e-06
noad,300,8.10623e-06
noad,300,8.10623e-06
noad,300,8.10623e-06
noad,300,7.86781e-06
noad,300,9.05991e-06
noad,300,8.10623e-06
noad,300,8.10623e-06
noad,300,8.10623e-06
noad,300,7.86781e-06
noad,300,8.82149e-06
noad,300,7.86781e-06
noad,300,8.10623e-06
noad,300,9.05991e-06
noad,300,8.10623e-06
noad,300,8.10623e-06
noad,300,7.86781e-06
noad,300,7.86781e-06
noad,300,8.10623e-06
noad,300,8.10623e-06
noad,300,7.86781e-06
noad,300,7.86781e-06
noad,300,7.86781e-06
noad,300,8.10623e-06
noad,300,8.10623e-06
noad,300,7.86781e-06
noad,300,7.86781e-06
noad,300,7.86781e-06
noad,300,9.05991e-06
noad,300,8.10623e-06
noad,300,8.10623e-06
noad,300,8.82149e-06
noad,300,7.86781e-06
noad,300,7.86781e-06
noad,300,8.10623e-06
noad,300,9.05991e-06
noad,400,0.00530005
noad,400,9.77516e-06
noad,400,9.05991e-06
noad,400,1.00136e-05
noad,400,9.05991e-06
noad,400,1.00136e-05
noad,400,9.05991e-06
noad,400,9.05991e-06
noad,400,9.05991e-06
noad,400,1.00136e-05
noad,400,9.05991e-06
noad,400,9.05991e-06
noad,400,9.05991e-06
noad,400,1.40667e-05
noad,400,9.05991e-06
noad,400,1.00136e-05
noad,400,9.05991e-06
noad,400,1.00136e-05
noad,400,1.69277e-05
noad,400,7.86781e-06
noad,400,8.10623e-06
noad,400,8.10623e-06
noad,400,7.86781e-06
noad,400,7.86781e-06
noad,400,8.10623e-06
noad,400,8.10623e-06
noad,400,7.86781e-06
noad,400,9.05991e-06
noad,400,8.10623e-06
noad,400,7.86781e-06
noad,400,7.86781e-06
noad,400,8.10623e-06
noad,400,6.91414e-06
noad,400,7.86781e-06
noad,400,8.10623e-06
noad,400,8.10623e-06
noad,400,7.86781e-06
noad,400,8.10623e-06
noad,400,8.10623e-06
noad,400,8.10623e-06
noad,400,7.86781e-06
noad,400,8.10623e-06
noad,400,8.10623e-06
noad,400,8.10623e-06
noad,400,7.86781e-06
noad,400,8.10623e-06
noad,400,8.10623e-06
noad,400,7.86781e-06
noad,400,7.86781e-06
noad,400,8.10623e-06
noad,400,8.10623e-06
noad,400,8.82149e-06
noad,400,7.86781e-06
noad,400,8.10623e-06
noad,400,7.86781e-06
noad,400,7.86781e-06
noad,400,8.10623e-06
noad,400,8.10623e-06
noad,400,8.82149e-06
noad,400,8.10623e-06
noad,400,8.10623e-06
noad,400,7.86781e-06
noad,400,8.10623e-06
noad,400,8.10623e-06
noad,400,7.86781e-06
noad,400,7.86781e-06
noad,400,8.10623e-06
noad,400,9.05991e-06
noad,400,7.86781e-06
noad,400,8.10623e-06
noad,400,8.10623e-06
noad,400,8.10623e-06
noad,400,7.86781e-06
noad,400,8.10623e-06
noad,400,8.10623e-06
noad,400,8.10623e-06
noad,400,7.86781e-06
noad,400,8.10623e-06
noad,400,7.15256e-06
noad,400,7.86781e-06
noad,400,7.86781e-06
noad,400,8.10623e-06
noad,400,9.05991e-06
noad,400,7.86781e-06
noad,400,8.10623e-06
noad,400,1.5974e-05
noad,400,7.86781e-06
noad,400,1.71661e-05
noad,400,9.05991e-06
noad,400,9.05991e-06
noad,400,9.05991e-06
noad,400,9.05991e-06
noad,400,1.71661e-05
noad,400,8.10623e-06
noad,400,9.05991e-06
noad,400,8.10623e-06
noad,400,9.05991e-06
noad,400,7.86781e-06
noad,400,8.82149e-06
noad,400,9.05991e-06
noad,500,0.00472903
noad,500,1.09673e-05
noad,500,1.09673e-05
noad,500,1.00136e-05
noad,500,1.00136e-05
noad,500,1.00136e-05
noad,500,1.00136e-05
noad,500,1.00136e-05
noad,500,1.00136e-05
noad,500,1.00136e-05
noad,500,1.00136e-05
noad,500,1.00136e-05
noad,500,1.00136e-05
noad,500,1.00136e-05
noad,500,1.00136e-05
noad,500,1.00136e-05
noad,500,1.00136e-05
noad,500,1.00136e-05
noad,500,1.00136e-05
noad,500,1.00136e-05
noad,500,1.00136e-05
noad,500,1.00136e-05
noad,500,1.00136e-05
noad,500,1.00136e-05
noad,500,1.00136e-05
noad,500,1.00136e-05
noad,500,1.00136e-05
noad,500,1.00136e-05
noad,500,8.82149e-06
noad,500,1.00136e-05
noad,500,1.00136e-05
noad,500,1.00136e-05
noad,500,1.09673e-05
noad,500,1.00136e-05
noad,500,1.00136e-05
noad,500,1.00136e-05
noad,500,1.00136e-05
noad,500,1.00136e-05
noad,500,1.12057e-05
noad,500,1.09673e-05
noad,500,1.09673e-05
noad,500,1.00136e-05
noad,500,9.05991e-06
noad,500,1.00136e-05
noad,500,1.00136e-05
noad,500,9.05991e-06
noad,500,1.00136e-05
noad,500,1.00136e-05
noad,500,9.05991e-06
noad,500,1.00136e-05
noad,500,9.05991e-06
noad,500,1.00136e-05
noad,500,9.77516e-06
noad,500,1.00136e-05
noad,500,1.00136e-05
noad,500,1.00136e-05
noad,500,1.00136e-05
noad,500,1.00136e-05
noad,500,1.00136e-05
noad,500,1.00136e-05
noad,500,1.00136e-05
noad,500,1.00136e-05
noad,500,1.09673e-05
noad,500,1.00136e-05
noad,500,1.00136e-05
noad,500,9.05991e-06
noad,500,1.00136e-05
noad,500,9.05991e-06
noad,500,1.00136e-05
noad,500,1.00136e-05
noad,500,1.00136e-05
noad,500,9.05991e-06
noad,500,1.00136e-05
noad,500,1.00136e-05
noad,500,1.00136e-05
noad,500,1.00136e-05
noad,500,1.00136e-05
noad,500,1.00136e-05
noad,500,1.00136e-05
noad,500,1.00136e-05
noad,500,1.00136e-05
noad,500,1.00136e-05
noad,500,1.00136e-05
noad,500,1.00136e-05
noad,500,1.00136e-05
noad,500,1.00136e-05
noad,500,1.00136e-05
noad,500,1.00136e-05
noad,500,1.00136e-05
noad,500,1.00136e-05
noad,500,1.00136e-05
noad,500,1.00136e-05
noad,500,9.77516e-06
noad,500,1.00136e-05
noad,500,1.00136e-05
noad,500,1.00136e-05
noad,500,1.00136e-05
noad,500,9.05991e-06
noad,500,1.00136e-05
noad,500,1.00136e-05
noad,600,0.00536108
noad,600,1.3113e-05
noad,600,1.21593e-05
noad,600,1.3113e-05
noad,600,1.19209e-05
noad,600,1.21593e-05
noad,600,1.3113e-05
noad,600,1.28746e-05
noad,600,1.21593e-05
noad,600,1.28746e-05
noad,600,1.19209e-05
noad,600,1.3113e-05
noad,600,1.19209e-05
noad,600,1.3113e-05
noad,600,1.19209e-05
noad,600,1.28746e-05
noad,600,1.3113e-05
noad,600,1.28746e-05
noad,600,1.19209e-05
noad,600,1.3113e-05
noad,600,1.19209e-05
noad,600,1.3113e-05
noad,600,1.28746e-05
noad,600,1.19209e-05
noad,600,1.21593e-05
noad,600,1.19209e-05
noad,600,1.21593e-05
noad,600,1.28746e-05
noad,600,1.21593e-05
noad,600,1.19209e-05
noad,600,1.28746e-05
noad,600,1.21593e-05
noad,600,1.28746e-05
noad,600,1.19209e-05
noad,600,1.19209e-05
noad,600,1.19209e-05
noad,600,1.3113e-05
noad,600,1.28746e-05
noad,600,1.3113e-05
noad,600,1.19209e-05
noad,600,1.19209e-05
noad,600,1.3113e-05
noad,600,1.28746e-05
noad,600,1.3113e-05
noad,600,1.19209e-05
noad,600,1.3113e-05
noad,600,1.19209e-05
noad,600,1.28746e-05
noad,600,1.3113e-05
noad,600,1.19209e-05
noad,600,2.12193e-05
noad,600,1.19209e-05
noad,600,1.21593e-05
noad,600,1.19209e-05
noad,600,1.21593e-05
noad,600,1.19209e-05
noad,600,1.19209e-05
noad,600,1.19209e-05
noad,600,1.19209e-05
noad,600,1.19209e-05
noad,600,1.19209e-05
noad,600,1.19209e-05
noad,600,1.28746e-05
noad,600,1.3113e-05
noad,600,1.19209e-05
noad,600,1.3113e-05
noad,600,1.28746e-05
noad,600,1.21593e-05
noad,600,1.28746e-05
noad,600,1.21593e-05
noad,600,1.19209e-05
noad,600,1.3113e-05
noad,600,1.28746e-05
noad,600,1.19209e-05
noad,600,1.21593e-05
noad,600,1.19209e-05
noad,600,1.21593e-05
noad,600,1.19209e-05
noad,600,1.21593e-05
noad,600,1.19209e-05
noad,600,1.21593e-05
noad,600,1.19209e-05
noad,600,1.3113e-05
noad,600,1.28746e-05
noad,600,1.3113e-05
noad,600,1.21593e-05
noad,600,1.19209e-05
noad,600,1.3113e-05
noad,600,1.3113e-05
noad,600,1.28746e-05
noad,600,1.19209e-05
noad,600,1.19209e-05
noad,600,1.19209e-05
noad,600,1.19209e-05
noad,600,1.3113e-05
noad,600,1.3113e-05
noad,600,1.19209e-05
noad,600,1.19209e-05
noad,600,1.19209e-05
noad,600,1.19209e-05
noad,700,0.00639892
noad,700,2.59876e-05
noad,700,1.50204e-05
noad,700,1.40667e-05
noad,700,1.38283e-05
noad,700,1.40667e-05
noad,700,1.50204e-05
noad,700,1.4782e-05
noad,700,1.50204e-05
noad,700,1.50204e-05
noad,700,2.69413e-05
noad,700,1.81198e-05
noad,700,1.90735e-05
noad,700,1.90735e-05
noad,700,2.00272e-05
noad,700,1.90735e-05
noad,700,1.81198e-05
noad,700,1.78814e-05
noad,700,1.90735e-05
noad,700,1.88351e-05
noad,700,1.78814e-05
noad,700,1.90735e-05
noad,700,1.90735e-05
noad,700,1.90735e-05
noad,700,1.90735e-05
noad,700,1.78814e-05
noad,700,1.97887e-05
noad,700,1.78814e-05
noad,700,1.90735e-05
noad,700,1.90735e-05
noad,700,1.90735e-05
noad,700,1.78814e-05
noad,700,1.88351e-05
noad,700,1.78814e-05
noad,700,1.90735e-05
noad,700,1.90735e-05
noad,700,1.81198e-05
noad,700,1.88351e-05
noad,700,1.88351e-05
noad,700,1.88351e-05
noad,700,1.81198e-05
noad,700,1.90735e-05
noad,700,1.90735e-05
noad,700,1.90735e-05
noad,700,1.90735e-05
noad,700,1.90735e-05
noad,700,1.88351e-05
noad,700,1.97887e-05
noad,700,1.78814e-05
noad,700,1.78814e-05
noad,700,1.90735e-05
noad,700,1.90735e-05
noad,700,1.90735e-05
noad,700,1.90735e-05
noad,700,1.78814e-05
noad,700,1.90735e-05
noad,700,1.90735e-05
noad,700,1.90735e-05
noad,700,1.90735e-05
noad,700,1.81198e-05
noad,700,1.88351e-05
noad,700,1.97887e-05
noad,700,1.88351e-05
noad,700,1.88351e-05
noad,700,1.90735e-05
noad,700,1.90735e-05
noad,700,1.81198e-05
noad,700,1.90735e-05
noad,700,1.90735e-05
noad,700,1.90735e-05
noad,700,1.78814e-05
noad,700,2.00272e-05
noad,700,1.88351e-05
noad,700,1.90735e-05
noad,700,1.81198e-05
noad,700,1.81198e-05
noad,700,1.90735e-05
noad,700,1.88351e-05
noad,700,1.88351e-05
noad,700,1.78814e-05
noad,700,1.81198e-05
noad,700,1.90735e-05
noad,700,1.90735e-05
noad,700,1.78814e-05
noad,700,1.78814e-05
noad,700,1.90735e-05
noad,700,1.90735e-05
noad,700,1.90735e-05
noad,700,1.90735e-05
noad,700,1.78814e-05
noad,700,1.78814e-05
noad,700,1.90735e-05
noad,700,1.90735e-05
noad,700,1.90735e-05
noad,700,1.90735e-05
noad,700,1.90735e-05
noad,700,1.78814e-05
noad,700,1.88351e-05
noad,700,1.90735e-05
noad,700,1.90735e-05
noad,800,0.00573897
noad,800,1.78814e-05
noad,800,1.81198e-05
noad,800,1.81198e-05
noad,800,1.81198e-05
noad,800,1.88351e-05
noad,800,1.78814e-05
noad,800,1.81198e-05
noad,800,1.90735e-05
noad,800,1.78814e-05
noad,800,1.78814e-05
noad,800,1.81198e-05
noad,800,1.81198e-05
noad,800,1.78814e-05
noad,800,1.78814e-05
noad,800,1.81198e-05
noad,800,1.78814e-05
noad,800,1.78814e-05
noad,800,1.81198e-05
noad,800,1.78814e-05
noad,800,1.78814e-05
noad,800,1.90735e-05
noad,800,2.40803e-05
noad,800,1.81198e-05
noad,800,2.59876e-05
noad,800,1.71661e-05
noad,800,2.5034e-05
noad,800,1.69277e-05
noad,800,1.5974e-05
noad,800,2.47955e-05
noad,800,1.5974e-05
noad,800,1.50204e-05
noad,800,1.5974e-05
noad,800,1.5974e-05
noad,800,1.71661e-05
noad,800,1.5974e-05
noad,800,1.5974e-05
noad,800,1.62125e-05
noad,800,1.50204e-05
noad,800,1.5974e-05
noad,800,1.5974e-05
noad,800,1.5974e-05
noad,800,1.5974e-05
noad,800,1.5974e-05
noad,800,1.5974e-05
noad,800,1.5974e-05
noad,800,1.4782e-05
noad,800,1.5974e-05
noad,800,1.5974e-05
noad,800,1.69277e-05
noad,800,1.4782e-05
noad,800,1.5974e-05
noad,800,1.50204e-05
noad,800,1.5974e-05
noad,800,1.5974e-05
noad,800,1.50204e-05
noad,800,1.5974e-05
noad,800,1.5974e-05
noad,800,1.62125e-05
noad,800,1.5974e-05
noad,800,1.5974e-05
noad,800,1.5974e-05
noad,800,1.50204e-05
noad,800,1.5974e-05
noad,800,1.5974e-05
noad,800,1.5974e-05
noad,800,1.5974e-05
noad,800,1.5974e-05
noad,800,1.5974e-05
noad,800,1.5974e-05
noad,800,1.5974e-05
noad,800,1.50204e-05
noad,800,1.62125e-05
noad,800,1.5974e-05
noad,800,1.50204e-05
noad,800,1.5974e-05
noad,800,1.5974e-05
noad,800,1.50204e-05
noad,800,1.50204e-05
noad,800,1.5974e-05
noad,800,1.5974e-05
noad,800,1.5974e-05
noad,800,1.5974e-05
noad,800,1.5974e-05
noad,800,1.5974e-05
noad,800,1.5974e-05
noad,800,1.5974e-05
noad,800,1.5974e-05
noad,800,1.5974e-05
noad,800,1.62125e-05
noad,800,1.5974e-05
noad,800,1.50204e-05
noad,800,1.5974e-05
noad,800,1.5974e-05
noad,800,1.5974e-05
noad,800,1.5974e-05
noad,800,1.5974e-05
noad,800,1.4782e-05
noad,800,1.5974e-05
noad,800,1.50204e-05
noad,900,0.0050652
noad,900,1.88351e-05
noad,900,1.88351e-05
noad,900,1.78814e-05
noad,900,1.90735e-05
noad,900,1.81198e-05
noad,900,1.81198e-05
noad,900,1.78814e-05
noad,900,1.88351e-05
noad,900,1.81198e-05
noad,900,1.81198e-05
noad,900,1.78814e-05
noad,900,1.81198e-05
noad,900,1.90735e-05
noad,900,1.81198e-05
noad,900,1.78814e-05
noad,900,1.90735e-05
noad,900,1.81198e-05
noad,900,1.81198e-05
noad,900,1.78814e-05
noad,900,1.90735e-05
noad,900,1.90735e-05
noad,900,1.78814e-05
noad,900,1.90735e-05
noad,900,1.81198e-05
noad,900,1.81198e-05
noad,900,1.78814e-05
noad,900,1.81198e-05
noad,900,1.81198e-05
noad,900,1.78814e-05
noad,900,1.88351e-05
noad,900,1.81198e-05
noad,900,1.81198e-05
noad,900,1.78814e-05
noad,900,1.81198e-05
noad,900,1.90735e-05
noad,900,1.90735e-05
noad,900,1.88351e-05
noad,900,1.90735e-05
noad,900,1.81198e-05
noad,900,2.69413e-05
noad,900,1.81198e-05
noad,900,1.78814e-05
noad,900,1.69277e-05
noad,900,1.81198e-05
noad,900,1.78814e-05
noad,900,1.78814e-05
noad,900,1.81198e-05
noad,900,1.69277e-05
noad,900,1.81198e-05
noad,900,1.69277e-05
noad,900,1.78814e-05
noad,900,1.81198e-05
noad,900,1.69277e-05
noad,900,1.81198e-05
noad,900,1.81198e-05
noad,900,1.69277e-05
noad,900,1.81198e-05
noad,900,1.69277e-05
noad,900,1.78814e-05
noad,900,1.81198e-05
noad,900,1.69277e-05
noad,900,1.81198e-05
noad,900,1.81198e-05
noad,900,1.78814e-05
noad,900,1.81198e-05
noad,900,1.78814e-05
noad,900,1.78814e-05
noad,900,1.78814e-05
noad,900,1.78814e-05
noad,900,1.81198e-05
noad,900,1.78814e-05
noad,900,1.78814e-05
noad,900,1.81198e-05
noad,900,1.78814e-05
noad,900,1.81198e-05
noad,900,1.69277e-05
noad,900,1.78814e-05
noad,900,1.81198e-05
noad,900,1.69277e-05
noad,900,1.78814e-05
noad,900,1.81198e-05
noad,900,1.78814e-05
noad,900,1.71661e-05
noad,900,1.78814e-05
noad,900,1.78814e-05
noad,900,1.81198e-05
noad,900,1.69277e-05
noad,900,1.81198e-05
noad,900,1.78814e-05
noad,900,1.90735e-05
noad,900,1.81198e-05
noad,900,1.78814e-05
noad,900,1.78814e-05
noad,900,1.71661e-05
noad,900,1.78814e-05
noad,900,1.71661e-05
noad,900,1.78814e-05
noad,900,1.78814e-05
noad,900,1.81198e-05
noad,1000,0.00496888
noad,1000,2.00272e-05
noad,1000,2.00272e-05
noad,1000,1.90735e-05
noad,1000,2.00272e-05
noad,1000,1.90735e-05
noad,1000,1.90735e-05
noad,1000,2.00272e-05
noad,1000,1.88351e-05
noad,1000,1.90735e-05
noad,1000,2.00272e-05
noad,1000,2.00272e-05
noad,1000,2.00272e-05
noad,1000,1.88351e-05
noad,1000,2.00272e-05
noad,1000,1.88351e-05
noad,1000,1.88351e-05
noad,1000,1.97887e-05
noad,1000,2.00272e-05
noad,1000,1.97887e-05
noad,1000,1.97887e-05
noad,1000,1.88351e-05
noad,1000,1.88351e-05
noad,1000,2.00272e-05
noad,1000,1.88351e-05
noad,1000,2.00272e-05
noad,1000,2.00272e-05
noad,1000,2.00272e-05
noad,1000,1.90735e-05
noad,1000,2.00272e-05
noad,1000,2.00272e-05
noad,1000,1.90735e-05
noad,1000,2.00272e-05
noad,1000,2.00272e-05
noad,1000,2.00272e-05
noad,1000,2.00272e-05
noad,1000,1.88351e-05
noad,1000,2.00272e-05
noad,1000,1.90735e-05
noad,1000,1.90735e-05
noad,1000,2.00272e-05
noad,1000,1.90735e-05
noad,1000,2.00272e-05
noad,1000,2.00272e-05
noad,1000,2.00272e-05
noad,1000,2.00272e-05
noad,1000,1.90735e-05
noad,1000,2.00272e-05
noad,1000,1.90735e-05
noad,1000,1.90735e-05
noad,1000,2.00272e-05
noad,1000,2.00272e-05
noad,1000,2.28882e-05
noad,1000,1.88351e-05
noad,1000,1.97887e-05
noad,1000,2.00272e-05
noad,1000,1.88351e-05
noad,1000,2.00272e-05
noad,1000,1.97887e-05
noad,1000,2.00272e-05
noad,1000,2.00272e-05
noad,1000,1.97887e-05
noad,1000,1.88351e-05
noad,1000,1.88351e-05
noad,1000,2.00272e-05
noad,1000,1.88351e-05
noad,1000,2.00272e-05
noad,1000,2.00272e-05
noad,1000,2.00272e-05
noad,1000,1.90735e-05
noad,1000,1.90735e-05
noad,1000,2.00272e-05
noad,1000,1.90735e-05
noad,1000,2.00272e-05
noad,1000,2.00272e-05
noad,1000,2.00272e-05
noad,1000,1.97887e-05
noad,1000,2.00272e-05
noad,1000,2.7895e-05
noad,1000,2.88486e-05
noad,1000,2.09808e-05
noad,1000,3.79086e-05
noad,1000,2.88486e-05
noad,1000,2.00272e-05
noad,1000,2.00272e-05
noad,1000,2.88486e-05
noad,1000,2.00272e-05
noad,1000,2.81334e-05
noad,1000,2.90871e-05
noad,1000,2.09808e-05
noad,1000,2.09808e-05
noad,1000,2.12193e-05
noad,1000,2.09808e-05
noad,1000,2.00272e-05
noad,1000,2.00272e-05
noad,1000,2.09808e-05
noad,1000,2.09808e-05
noad,1000,2.09808e-05
noad,1000,2.00272e-05
noad,1000,2.00272e-05
adDual,100,0.0920231
adDual,100,8.10623e-06
adDual,100,6.91414e-06
adDual,100,6.91414e-06
adDual,100,7.15256e-06
adDual,100,6.91414e-06
adDual,100,6.91414e-06
adDual,100,6.91414e-06
adDual,100,6.91414e-06
adDual,100,7.15256e-06
adDual,100,6.91414e-06
adDual,100,7.15256e-06
adDual,100,6.91414e-06
adDual,100,7.15256e-06
adDual,100,6.91414e-06
adDual,100,6.91414e-06
adDual,100,6.91414e-06
adDual,100,6.91414e-06
adDual,100,7.15256e-06
adDual,100,6.91414e-06
adDual,100,7.15256e-06
adDual,100,6.91414e-06
adDual,100,7.15256e-06
adDual,100,6.91414e-06
adDual,100,7.15256e-06
adDual,100,6.91414e-06
adDual,100,6.91414e-06
adDual,100,7.15256e-06
adDual,100,6.91414e-06
adDual,100,6.91414e-06
adDual,100,6.91414e-06
adDual,100,7.15256e-06
adDual,100,6.91414e-06
adDual,100,8.10623e-06
adDual,100,6.91414e-06
adDual,100,5.96046e-06
adDual,100,8.10623e-06
adDual,100,6.91414e-06
adDual,100,6.91414e-06
adDual,100,6.91414e-06
adDual,100,7.15256e-06
adDual,100,6.91414e-06
adDual,100,7.15256e-06
adDual,100,6.91414e-06
adDual,100,7.15256e-06
adDual,100,6.91414e-06
adDual,100,6.91414e-06
adDual,100,6.91414e-06
adDual,100,6.91414e-06
adDual,100,8.10623e-06
adDual,100,6.91414e-06
adDual,100,6.91414e-06
adDual,100,6.91414e-06
adDual,100,1.5974e-05
adDual,100,7.15256e-06
adDual,100,6.91414e-06
adDual,100,6.91414e-06
adDual,100,6.91414e-06
adDual,100,6.91414e-06
adDual,100,6.91414e-06
adDual,100,5.96046e-06
adDual,100,6.91414e-06
adDual,100,6.91414e-06
adDual,100,6.91414e-06
adDual,100,7.15256e-06
adDual,100,6.91414e-06
adDual,100,6.91414e-06
adDual,100,5.96046e-06
adDual,100,7.15256e-06
adDual,100,6.91414e-06
adDual,100,5.96046e-06
adDual,100,6.91414e-06
adDual,100,6.91414e-06
adDual,100,6.91414e-06
adDual,100,7.15256e-06
adDual,100,6.91414e-06
adDual,100,6.91414e-06
adDual,100,6.91414e-06
adDual,100,5.96046e-06
adDual,100,6.91414e-06
adDual,100,6.91414e-06
adDual,100,6.91414e-06
adDual,100,7.15256e-06
adDual,100,6.91414e-06
adDual,100,6.91414e-06
adDual,100,5.96046e-06
adDual,100,7.15256e-06
adDual,100,6.91414e-06
adDual,100,5.96046e-06
adDual,100,6.91414e-06
adDual,100,6.91414e-06
adDual,100,6.91414e-06
adDual,100,7.15256e-06
adDual,100,6.91414e-06
adDual,100,6.91414e-06
adDual,100,6.91414e-06
adDual,100,7.15256e-06
adDual,100,6.91414e-06
adDual,100,6.91414e-06
adDual,100,6.91414e-06
adDual,200,0.0503011
adDual,200,1.5974e-05
adDual,200,1.40667e-05
adDual,200,1.50204e-05
adDual,200,2.31266e-05
adDual,200,1.40667e-05
adDual,200,1.40667e-05
adDual,200,1.40667e-05
adDual,200,1.40667e-05
adDual,200,1.40667e-05
adDual,200,1.40667e-05
adDual,200,1.40667e-05
adDual,200,1.38283e-05
adDual,200,1.28746e-05
adDual,200,1.38283e-05
adDual,200,1.3113e-05
adDual,200,1.3113e-05
adDual,200,1.40667e-05
adDual,200,1.40667e-05
adDual,200,1.40667e-05
adDual,200,1.40667e-05
adDual,200,1.38283e-05
adDual,200,1.38283e-05
adDual,200,1.38283e-05
adDual,200,1.28746e-05
adDual,200,1.40667e-05
adDual,200,1.40667e-05
adDual,200,1.40667e-05
adDual,200,1.40667e-05
adDual,200,1.40667e-05
adDual,200,1.40667e-05
adDual,200,1.38283e-05
adDual,200,1.38283e-05
adDual,200,1.38283e-05
adDual,200,1.40667e-05
adDual,200,1.3113e-05
adDual,200,1.40667e-05
adDual,200,1.40667e-05
adDual,200,1.40667e-05
adDual,200,1.40667e-05
adDual,200,1.28746e-05
adDual,200,1.40667e-05
adDual,200,1.40667e-05
adDual,200,1.40667e-05
adDual,200,1.40667e-05
adDual,200,1.40667e-05
adDual,200,1.40667e-05
adDual,200,1.40667e-05
adDual,200,1.38283e-05
adDual,200,1.38283e-05
adDual,200,1.38283e-05
adDual,200,1.40667e-05
adDual,200,1.40667e-05
adDual,200,1.3113e-05
adDual,200,1.40667e-05
adDual,200,2.28882e-05
adDual,200,1.62125e-05
adDual,200,1.50204e-05
adDual,200,2.28882e-05
adDual,200,1.38283e-05
adDual,200,1.38283e-05
adDual,200,1.28746e-05
adDual,200,1.50204e-05
adDual,200,1.28746e-05
adDual,200,1.40667e-05
adDual,200,1.40667e-05
adDual,200,1.40667e-05
adDual,200,1.40667e-05
adDual,200,1.40667e-05
adDual,200,1.40667e-05
adDual,200,1.38283e-05
adDual,200,1.38283e-05
adDual,200,1.38283e-05
adDual,200,1.40667e-05
adDual,200,1.3113e-05
adDual,200,1.40667e-05
adDual,200,1.40667e-05
adDual,200,1.40667e-05
adDual,200,1.40667e-05
adDual,200,1.38283e-05
adDual,200,1.38283e-05
adDual,200,1.28746e-05
adDual,200,1.40667e-05
adDual,200,1.40667e-05
adDual,200,1.40667e-05
adDual,200,1.40667e-05
adDual,200,1.40667e-05
adDual,200,1.40667e-05
adDual,200,1.38283e-05
adDual,200,1.38283e-05
adDual,200,1.40667e-05
adDual,200,1.40667e-05
adDual,200,1.3113e-05
adDual,200,1.40667e-05
adDual,200,1.40667e-05
adDual,200,1.40667e-05
adDual,200,1.38283e-05
adDual,200,1.38283e-05
adDual,200,1.38283e-05
adDual,200,1.3113e-05
adDual,300,0.0470631
adDual,300,2.31266e-05
adDual,300,2.09808e-05
adDual,300,2.09808e-05
adDual,300,2.19345e-05
adDual,300,2.12193e-05
adDual,300,2.09808e-05
adDual,300,2.09808e-05
adDual,300,2.12193e-05
adDual,300,3.00407e-05
adDual,300,2.19345e-05
adDual,300,2.21729e-05
adDual,300,2.19345e-05
adDual,300,2.09808e-05
adDual,300,2.19345e-05
adDual,300,2.19345e-05
adDual,300,2.19345e-05
adDual,300,2.09808e-05
adDual,300,2.09808e-05
adDual,300,2.19345e-05
adDual,300,2.21729e-05
adDual,300,2.09808e-05
adDual,300,2.19345e-05
adDual,300,2.21729e-05
adDual,300,2.09808e-05
adDual,300,2.19345e-05
adDual,300,2.19345e-05
adDual,300,2.09808e-05
adDual,300,2.21729e-05
adDual,300,2.19345e-05
adDual,300,2.21729e-05
adDual,300,2.09808e-05
adDual,300,2.09808e-05
adDual,300,2.19345e-05
adDual,300,2.19345e-05
adDual,300,2.09808e-05
adDual,300,2.09808e-05
adDual,300,2.21729e-05
adDual,300,2.19345e-05
adDual,300,2.09808e-05
adDual,300,2.21729e-05
adDual,300,2.19345e-05
adDual,300,2.09808e-05
adDual,300,2.19345e-05
adDual,300,2.19345e-05
adDual,300,2.19345e-05
adDual,300,2.19345e-05
adDual,300,2.09808e-05
adDual,300,2.19345e-05
adDual,300,2.21729e-05
adDual,300,2.19345e-05
adDual,300,2.09808e-05
adDual,300,2.19345e-05
adDual,300,2.19345e-05
adDual,300,2.21729e-05
adDual,300,2.09808e-05
adDual,300,2.19345e-05
adDual,300,2.19345e-05
adDual,300,2.19345e-05
adDual,300,2.19345e-05
adDual,300,2.09808e-05
adDual,300,2.09808e-05
adDual,300,2.19345e-05
adDual,300,2.21729e-05
adDual,300,2.09808e-05
adDual,300,2.19345e-05
adDual,300,2.21729e-05
adDual,300,2.09808e-05
adDual,300,2.21729e-05
adDual,300,2.19345e-05
adDual,300,2.19345e-05
adDual,300,2.09808e-05
adDual,300,2.19345e-05
adDual,300,2.21729e-05
adDual,300,2.19345e-05
adDual,300,2.09808e-05
adDual,300,2.19345e-05
adDual,300,2.19345e-05
adDual,300,2.19345e-05
adDual,300,2.19345e-05
adDual,300,2.12193e-05
adDual,300,2.19345e-05
adDual,300,2.19345e-05
adDual,300,2.19345e-05
adDual,300,2.09808e-05
adDual,300,2.21729e-05
adDual,300,2.19345e-05
adDual,300,2.21729e-05
adDual,300,2.09808e-05
adDual,300,2.09808e-05
adDual,300,2.19345e-05
adDual,300,2.19345e-05
adDual,300,2.09808e-05
adDual,300,2.19345e-05
adDual,300,2.09808e-05
adDual,300,2.19345e-05
adDual,300,2.19345e-05
adDual,300,2.12193e-05
adDual,300,2.19345e-05
adDual,300,2.19345e-05
adDual,400,0.0448949
adDual,400,3.09944e-05
adDual,400,2.98023e-05
adDual,400,2.98023e-05
adDual,400,2.88486e-05
adDual,400,2.88486e-05
adDual,400,2.90871e-05
adDual,400,2.90871e-05
adDual,400,2.90871e-05
adDual,400,2.90871e-05
adDual,400,2.90871e-05
adDual,400,2.90871e-05
adDual,400,2.88486e-05
adDual,400,2.88486e-05
adDual,400,3.00407e-05
adDual,400,2.81334e-05
adDual,400,2.90871e-05
adDual,400,2.90871e-05
adDual,400,2.90871e-05
adDual,400,2.88486e-05
adDual,400,2.88486e-05
adDual,400,2.88486e-05
adDual,400,2.90871e-05
adDual,400,2.90871e-05
adDual,400,2.90871e-05
adDual,400,2.90871e-05
adDual,400,2.90871e-05
adDual,400,2.88486e-05
adDual,400,2.88486e-05
adDual,400,2.90871e-05
adDual,400,2.90871e-05
adDual,400,2.90871e-05
adDual,400,3.00407e-05
adDual,400,2.90871e-05
adDual,400,2.88486e-05
adDual,400,2.90871e-05
adDual,400,2.90871e-05
adDual,400,2.90871e-05
adDual,400,2.90871e-05
adDual,400,2.90871e-05
adDual,400,2.88486e-05
adDual,400,2.88486e-05
adDual,400,2.90871e-05
adDual,400,2.90871e-05
adDual,400,2.90871e-05
adDual,400,2.90871e-05
adDual,400,2.88486e-05
adDual,400,2.7895e-05
adDual,400,2.88486e-05
adDual,400,2.90871e-05
adDual,400,2.90871e-05
adDual,400,3.00407e-05
adDual,400,2.90871e-05
adDual,400,2.90871e-05
adDual,400,2.88486e-05
adDual,400,2.88486e-05
adDual,400,2.88486e-05
adDual,400,2.90871e-05
adDual,400,2.90871e-05
adDual,400,2.90871e-05
adDual,400,2.90871e-05
adDual,400,2.7895e-05
adDual,400,2.88486e-05
adDual,400,2.88486e-05
adDual,400,2.90871e-05
adDual,400,2.90871e-05
adDual,400,2.90871e-05
adDual,400,2.90871e-05
adDual,400,2.90871e-05
adDual,400,2.88486e-05
adDual,400,2.88486e-05
adDual,400,2.90871e-05
adDual,400,2.90871e-05
adDual,400,2.90871e-05
adDual,400,2.90871e-05
adDual,400,2.90871e-05
adDual,400,2.88486e-05
adDual,400,2.88486e-05
adDual,400,2.90871e-05
adDual,400,2.90871e-05
adDual,400,2.90871e-05
adDual,400,2.90871e-05
adDual,400,2.90871e-05
adDual,400,2.88486e-05
adDual,400,2.88486e-05
adDual,400,2.90871e-05
adDual,400,2.81334e-05
adDual,400,2.90871e-05
adDual,400,2.90871e-05
adDual,400,2.88486e-05
adDual,400,2.88486e-05
adDual,400,2.90871e-05
adDual,400,2.90871e-05
adDual,400,2.90871e-05
adDual,400,2.90871e-05
adDual,400,2.88486e-05
adDual,400,2.88486e-05
adDual,400,2.90871e-05
adDual,400,2.90871e-05
adDual,400,2.90871e-05
adDual,500,0.0433621
adDual,500,3.71933e-05
adDual,500,3.60012e-05
adDual,500,3.69549e-05
adDual,500,3.69549e-05
adDual,500,4.00543e-05
adDual,500,4.50611e-05
adDual,500,3.60012e-05
adDual,500,3.60012e-05
adDual,500,3.60012e-05
adDual,500,3.60012e-05
adDual,500,3.60012e-05
adDual,500,3.60012e-05
adDual,500,3.50475e-05
adDual,500,3.60012e-05
adDual,500,3.60012e-05
adDual,500,3.50475e-05
adDual,500,3.50475e-05
adDual,500,3.60012e-05
adDual,500,3.48091e-05
adDual,500,3.50475e-05
adDual,500,4.50611e-05
adDual,500,3.60012e-05
adDual,500,4.41074e-05
adDual,500,3.50475e-05
adDual,500,3.60012e-05
adDual,500,3.60012e-05
adDual,500,4.3869e-05
adDual,500,4.3869e-05
adDual,500,3.79086e-05
adDual,500,3.69549e-05
adDual,500,3.69549e-05
adDual,500,3.69549e-05
adDual,500,3.71933e-05
adDual,500,3.69549e-05
adDual,500,3.69549e-05
adDual,500,3.79086e-05
adDual,500,3.69549e-05
adDual,500,4.69685e-05
adDual,500,4.69685e-05
adDual,500,3.79086e-05
adDual,500,3.69549e-05
adDual,500,4.69685e-05
adDual,500,3.88622e-05
adDual,500,3.91006e-05
adDual,500,3.8147e-05
adDual,500,3.8147e-05
adDual,500,3.79086e-05
adDual,500,3.79086e-05
adDual,500,3.8147e-05
adDual,500,3.91006e-05
adDual,500,3.88622e-05
adDual,500,3.88622e-05
adDual,500,4.60148e-05
adDual,500,3.60012e-05
adDual,500,3.60012e-05
adDual,500,3.60012e-05
adDual,500,3.88622e-05
adDual,500,3.79086e-05
adDual,500,3.71933e-05
adDual,500,3.60012e-05
adDual,500,3.60012e-05
adDual,500,3.60012e-05
adDual,500,3.60012e-05
adDual,500,3.60012e-05
adDual,500,3.60012e-05
adDual,500,3.69549e-05
adDual,500,3.69549e-05
adDual,500,3.60012e-05
adDual,500,3.60012e-05
adDual,500,3.60012e-05
adDual,500,3.60012e-05
adDual,500,3.60012e-05
adDual,500,3.60012e-05
adDual,500,3.69549e-05
adDual,500,3.69549e-05
adDual,500,3.69549e-05
adDual,500,3.69549e-05
adDual,500,3.60012e-05
adDual,500,3.69549e-05
adDual,500,3.71933e-05
adDual,500,3.60012e-05
adDual,500,3.60012e-05
adDual,500,3.60012e-05
adDual,500,3.60012e-05
adDual,500,3.60012e-05
adDual,500,3.69549e-05
adDual,500,3.69549e-05
adDual,500,3.60012e-05
adDual,500,3.60012e-05
adDual,500,3.69549e-05
adDual,500,3.69549e-05
adDual,500,3.60012e-05
adDual,500,3.69549e-05
adDual,500,3.71933e-05
adDual,500,3.69549e-05
adDual,500,3.60012e-05
adDual,500,3.60012e-05
adDual,500,3.60012e-05
adDual,500,3.69549e-05
adDual,600,0.04216
adDual,600,4.50611e-05
adDual,600,4.41074e-05
adDual,600,4.41074e-05
adDual,600,4.41074e-05
adDual,600,4.41074e-05
adDual,600,4.50611e-05
adDual,600,4.3869e-05
adDual,600,4.3869e-05
adDual,600,4.3869e-05
adDual,600,4.41074e-05
adDual,600,4.41074e-05
adDual,600,4.41074e-05
adDual,600,4.41074e-05
adDual,600,4.3869e-05
adDual,600,4.41074e-05
adDual,600,4.41074e-05
adDual,600,4.3869e-05
adDual,600,4.48227e-05
adDual,600,4.3869e-05
adDual,600,4.3869e-05
adDual,600,4.41074e-05
adDual,600,4.31538e-05
adDual,600,4.41074e-05
adDual,600,4.3869e-05
adDual,600,4.3869e-05
adDual,600,4.3869e-05
adDual,600,4.41074e-05
adDual,600,4.41074e-05
adDual,600,4.41074e-05
adDual,600,4.3869e-05
adDual,600,4.48227e-05
adDual,600,4.41074e-05
adDual,600,4.41074e-05
adDual,600,4.41074e-05
adDual,600,5.88894e-05
adDual,600,4.50611e-05
adDual,600,4.41074e-05
adDual,600,4.41074e-05
adDual,600,4.41074e-05
adDual,600,4.41074e-05
adDual,600,4.41074e-05
adDual,600,4.50611e-05
adDual,600,4.3869e-05
adDual,600,4.3869e-05
adDual,600,4.72069e-05
adDual,600,5.50747e-05
adDual,600,4.3869e-05
adDual,600,4.3869e-05
adDual,600,4.3869e-05
adDual,600,4.29153e-05
adDual,600,4.41074e-05
adDual,600,4.41074e-05
adDual,600,4.41074e-05
adDual,600,5.19753e-05
adDual,600,4.31538e-05
adDual,600,4.29153e-05
adDual,600,4.29153e-05
adDual,600,4.19617e-05
adDual,600,4.29153e-05
adDual,600,4.29153e-05
adDual,600,4.29153e-05
adDual,600,4.19617e-05
adDual,600,4.31538e-05
adDual,600,4.29153e-05
adDual,600,4.31538e-05
adDual,600,4.31538e-05
adDual,600,4.29153e-05
adDual,600,4.31538e-05
adDual,600,4.29153e-05
adDual,600,4.31538e-05
adDual,600,4.19617e-05
adDual,600,4.29153e-05
adDual,600,4.31538e-05
adDual,600,4.29153e-05
adDual,600,4.31538e-05
adDual,600,4.29153e-05
adDual,600,4.31538e-05
adDual,600,4.29153e-05
adDual,600,4.29153e-05
adDual,600,4.31538e-05
adDual,600,4.29153e-05
adDual,600,4.31538e-05
adDual,600,5.19753e-05
adDual,600,4.41074e-05
adDual,600,6.10352e-05
adDual,600,4.3869e-05
adDual,600,4.3869e-05
adDual,600,4.3869e-05
adDual,600,4.41074e-05
adDual,600,5.19753e-05
adDual,600,4.19617e-05
adDual,600,4.31538e-05
adDual,600,4.29153e-05
adDual,600,4.31538e-05
adDual,600,4.29153e-05
adDual,600,4.31538e-05
adDual,600,4.29153e-05
adDual,600,4.29153e-05
adDual,600,4.29153e-05
adDual,700,0.044945
adDual,700,5.19753e-05
adDual,700,5.10216e-05
adDual,700,5.19753e-05
adDual,700,5.10216e-05
adDual,700,6.79493e-05
adDual,700,5.38826e-05
adDual,700,5.10216e-05
adDual,700,5.10216e-05
adDual,700,5.07832e-05
adDual,700,5.10216e-05
adDual,700,5.10216e-05
adDual,700,5.10216e-05
adDual,700,5.07832e-05
adDual,700,5.19753e-05
adDual,700,5.19753e-05
adDual,700,5.10216e-05
adDual,700,5.10216e-05
adDual,700,5.10216e-05
adDual,700,5.10216e-05
adDual,700,5.60284e-05
adDual,700,5.10216e-05
adDual,700,5.19753e-05
adDual,700,5.10216e-05
adDual,700,5.10216e-05
adDual,700,5.10216e-05
adDual,700,5.10216e-05
adDual,700,5.10216e-05
adDual,700,5.10216e-05
adDual,700,6.00815e-05
adDual,700,5.00679e-05
adDual,700,5.00679e-05
adDual,700,5.00679e-05
adDual,700,5.00679e-05
adDual,700,5.00679e-05
adDual,700,5.00679e-05
adDual,700,5.00679e-05
adDual,700,5.00679e-05
adDual,700,4.91142e-05
adDual,700,4.88758e-05
adDual,700,5.00679e-05
adDual,700,5.00679e-05
adDual,700,4.98295e-05
adDual,700,5.00679e-05
adDual,700,4.98295e-05
adDual,700,4.98295e-05
adDual,700,4.98295e-05
adDual,700,4.88758e-05
adDual,700,5.00679e-05
adDual,700,4.91142e-05
adDual,700,5.00679e-05
adDual,700,5.00679e-05
adDual,700,5.00679e-05
adDual,700,5.00679e-05
adDual,700,5.00679e-05
adDual,700,5.00679e-05
adDual,700,4.88758e-05
adDual,700,4.88758e-05
adDual,700,4.98295e-05
adDual,700,4.98295e-05
adDual,700,5.00679e-05
adDual,700,4.98295e-05
adDual,700,5.00679e-05
adDual,700,5.00679e-05
adDual,700,5.00679e-05
adDual,700,5.00679e-05
adDual,700,5.00679e-05
adDual,700,4.91142e-05
adDual,700,5.00679e-05
adDual,700,5.00679e-05
adDual,700,5.00679e-05
adDual,700,4.91142e-05
adDual,700,5.88894e-05
adDual,700,5.10216e-05
adDual,700,6.8903e-05
adDual,700,5.10216e-05
adDual,700,5.10216e-05
adDual,700,5.10216e-05
adDual,700,5.10216e-05
adDual,700,5.10216e-05
adDual,700,5.19753e-05
adDual,700,5.10216e-05
adDual,700,5.10216e-05
adDual,700,5.07832e-05
adDual,700,5.19753e-05
adDual,700,5.10216e-05
adDual,700,5.10216e-05
adDual,700,5.10216e-05
adDual,700,5.91278e-05
adDual,700,5.00679e-05
adDual,700,5.00679e-05
adDual,700,4.91142e-05
adDual,700,5.00679e-05
adDual,700,4.98295e-05
adDual,700,5.88894e-05
adDual,700,5.19753e-05
adDual,700,5.88894e-05
adDual,700,4.98295e-05
adDual,700,4.98295e-05
adDual,700,4.98295e-05
adDual,800,0.0447638
adDual,800,5.88894e-05
adDual,800,5.79357e-05
adDual,800,5.79357e-05
adDual,800,5.91278e-05
adDual,800,5.91278e-05
adDual,800,5.88894e-05
adDual,800,5.91278e-05
adDual,800,5.91278e-05
adDual,800,5.88894e-05
adDual,800,5.91278e-05
adDual,800,6.10352e-05
adDual,800,5.81741e-05
adDual,800,5.79357e-05
adDual,800,5.79357e-05
adDual,800,5.81741e-05
adDual,800,5.79357e-05
adDual,800,5.91278e-05
adDual,800,5.88894e-05
adDual,800,5.88894e-05
adDual,800,5.81741e-05
adDual,800,5.79357e-05
adDual,800,5.79357e-05
adDual,800,5.91278e-05
adDual,800,5.79357e-05
adDual,800,5.91278e-05
adDual,800,5.79357e-05
adDual,800,5.88894e-05
adDual,800,5.91278e-05
adDual,800,5.88894e-05
adDual,800,5.79357e-05
adDual,800,5.79357e-05
adDual,800,5.79357e-05
adDual,800,5.81741e-05
adDual,800,7.00951e-05
adDual,800,6.29425e-05
adDual,800,5.88894e-05
adDual,800,5.79357e-05
adDual,800,5.81741e-05
adDual,800,5.79357e-05
adDual,800,5.79357e-05
adDual,800,5.81741e-05
adDual,800,5.79357e-05
adDual,800,5.79357e-05
adDual,800,5.81741e-05
adDual,800,5.88894e-05
adDual,800,5.91278e-05
adDual,800,5.79357e-05
adDual,800,5.91278e-05
adDual,800,5.79357e-05
adDual,800,5.79357e-05
adDual,800,5.81741e-05
adDual,800,6.50883e-05
adDual,800,6.69956e-05
adDual,800,7.79629e-05
adDual,800,5.81741e-05
adDual,800,5.91278e-05
adDual,800,5.88894e-05
adDual,800,5.81741e-05
adDual,800,5.79357e-05
adDual,800,5.79357e-05
adDual,800,5.91278e-05
adDual,800,5.88894e-05
adDual,800,5.88894e-05
adDual,800,6.19888e-05
adDual,800,5.88894e-05
adDual,800,5.79357e-05
adDual,800,5.79357e-05
adDual,800,5.79357e-05
adDual,800,5.81741e-05
adDual,800,5.79357e-05
adDual,800,5.91278e-05
adDual,800,5.79357e-05
adDual,800,5.79357e-05
adDual,800,5.91278e-05
adDual,800,5.79357e-05
adDual,800,5.79357e-05
adDual,800,5.88894e-05
adDual,800,5.88894e-05
adDual,800,5.91278e-05
adDual,800,5.88894e-05
adDual,800,5.88894e-05
adDual,800,6.69956e-05
adDual,800,6.10352e-05
adDual,800,5.81741e-05
adDual,800,5.79357e-05
adDual,800,5.79357e-05
adDual,800,5.81741e-05
adDual,800,5.88894e-05
adDual,800,5.91278e-05
adDual,800,5.79357e-05
adDual,800,5.79357e-05
adDual,800,5.91278e-05
adDual,800,5.88894e-05
adDual,800,5.81741e-05
adDual,800,5.79357e-05
adDual,800,5.6982e-05
adDual,800,5.81741e-05
adDual,800,5.79357e-05
adDual,800,5.79357e-05
adDual,900,0.0431249
adDual,900,0.000102043
adDual,900,0.000101089
adDual,900,9.29832e-05
adDual,900,7.70092e-05
adDual,900,6.60419e-05
adDual,900,6.50883e-05
adDual,900,6.50883e-05
adDual,900,6.50883e-05
adDual,900,6.60419e-05
adDual,900,7.41482e-05
adDual,900,7.82013e-05
adDual,900,6.60419e-05
adDual,900,6.50883e-05
adDual,900,6.60419e-05
adDual,900,7.82013e-05
adDual,900,8.79765e-05
adDual,900,9.89437e-05
adDual,900,0.000102043
adDual,900,0.000100851
adDual,900,7.31945e-05
adDual,900,7.31945e-05
adDual,900,7.70092e-05
adDual,900,8.4877e-05
adDual,900,0.000102043
adDual,900,0.000102997
adDual,900,0.000102043
adDual,900,0.000101805
adDual,900,0.000102043
adDual,900,0.000102997
adDual,900,9.98974e-05
adDual,900,0.000102043
adDual,900,0.000100851
adDual,900,0.000101089
adDual,900,8.01086e-05
adDual,900,6.58035e-05
adDual,900,6.60419e-05
adDual,900,6.50883e-05
adDual,900,6.50883e-05
adDual,900,6.50883e-05
adDual,900,6.60419e-05
adDual,900,7.00951e-05
adDual,900,7.9155e-05
adDual,900,8.01086e-05
adDual,900,6.60419e-05
adDual,900,6.50883e-05
adDual,900,6.48499e-05
adDual,900,6.48499e-05
adDual,900,6.38962e-05
adDual,900,6.60419e-05
adDual,900,6.50883e-05
adDual,900,7.82013e-05
adDual,900,6.50883e-05
adDual,900,6.50883e-05
adDual,900,7.41482e-05
adDual,900,6.50883e-05
adDual,900,7.29561e-05
adDual,900,6.48499e-05
adDual,900,7.20024e-05
adDual,900,6.60419e-05
adDual,900,6.50883e-05
adDual,900,6.60419e-05
adDual,900,6.60419e-05
adDual,900,7.29561e-05
adDual,900,6.48499e-05
adDual,900,7.60555e-05
adDual,900,6.60419e-05
adDual,900,6.50883e-05
adDual,900,6.50883e-05
adDual,900,6.60419e-05
adDual,900,6.8903e-05
adDual,900,6.50883e-05
adDual,900,6.60419e-05
adDual,900,6.50883e-05
adDual,900,6.50883e-05
adDual,900,6.50883e-05
adDual,900,7.00951e-05
adDual,900,7.60555e-05
adDual,900,9.29832e-05
adDual,900,0.000100136
adDual,900,9.89437e-05
adDual,900,6.69956e-05
adDual,900,7.00951e-05
adDual,900,0.000100136
adDual,900,0.000102997
adDual,900,0.000102043
adDual,900,0.000102043
adDual,900,0.000102997
adDual,900,0.000102043
adDual,900,0.000102997
adDual,900,0.000101089
adDual,900,0.000102043
adDual,900,0.000101089
adDual,900,0.000100851
adDual,900,0.000100136
adDual,900,0.000102043
adDual,900,9.98974e-05
adDual,900,9.48906e-05
adDual,900,6.50883e-05
adDual,900,6.50883e-05
adDual,1000,0.043447
adDual,1000,7.31945e-05
adDual,1000,7.20024e-05
adDual,1000,7.29561e-05
adDual,1000,8.10623e-05
adDual,1000,7.10487e-05
adDual,1000,7.10487e-05
adDual,1000,7.00951e-05
adDual,1000,7.00951e-05
adDual,1000,7.00951e-05
adDual,1000,7.00951e-05
adDual,1000,7.00951e-05
adDual,1000,7.10487e-05
adDual,1000,7.10487e-05
adDual,1000,7.10487e-05
adDual,1000,7.10487e-05
adDual,1000,7.10487e-05
adDual,1000,8.2016e-05
adDual,1000,8.2016e-05
adDual,1000,7.98702e-05
adDual,1000,7.29561e-05
adDual,1000,7.20024e-05
adDual,1000,7.20024e-05
adDual,1000,7.29561e-05
adDual,1000,7.31945e-05
adDual,1000,7.20024e-05
adDual,1000,7.20024e-05
adDual,1000,7.31945e-05
adDual,1000,7.29561e-05
adDual,1000,7.20024e-05
adDual,1000,7.20024e-05
adDual,1000,7.29561e-05
adDual,1000,7.29561e-05
adDual,1000,7.31945e-05
adDual,1000,7.29561e-05
adDual,1000,7.29561e-05
adDual,1000,7.29561e-05
adDual,1000,7.29561e-05
adDual,1000,7.29561e-05
adDual,1000,7.20024e-05
adDual,1000,7.20024e-05
adDual,1000,7.20024e-05
adDual,1000,7.20024e-05
adDual,1000,7.29561e-05
adDual,1000,7.31945e-05
adDual,1000,7.29561e-05
adDual,1000,7.89165e-05
adDual,1000,7.29561e-05
adDual,1000,7.20024e-05
adDual,1000,7.29561e-05
adDual,1000,7.20024e-05
adDual,1000,7.20024e-05
adDual,1000,7.29561e-05
adDual,1000,7.31945e-05
adDual,1000,7.29561e-05
adDual,1000,7.20024e-05
adDual,1000,7.20024e-05
adDual,1000,7.20024e-05
adDual,1000,7.20024e-05
adDual,1000,7.20024e-05
adDual,1000,7.29561e-05
adDual,1000,7.20024e-05
adDual,1000,7.20024e-05
adDual,1000,7.29561e-05
adDual,1000,7.29561e-05
adDual,1000,7.58171e-05
adDual,1000,7.20024e-05
adDual,1000,7.29561e-05
adDual,1000,7.29561e-05
adDual,1000,7.29561e-05
adDual,1000,7.31945e-05
adDual,1000,7.20024e-05
adDual,1000,7.20024e-05
adDual,1000,7.20024e-05
adDual,1000,7.20024e-05
adDual,1000,7.20024e-05
adDual,1000,7.29561e-05
adDual,1000,7.20024e-05
adDual,1000,7.29561e-05
adDual,1000,7.29561e-05
adDual,1000,7.20024e-05
adDual,1000,7.29561e-05
adDual,1000,7.29561e-05
adDual,1000,7.31945e-05
adDual,1000,7.20024e-05
adDual,1000,7.20024e-05
adDual,1000,7.29561e-05
adDual,1000,7.29561e-05
adDual,1000,7.31945e-05
adDual,1000,7.29561e-05
adDual,1000,7.29561e-05
adDual,1000,7.31945e-05
adDual,1000,7.29561e-05
adDual,1000,7.29561e-05
adDual,1000,7.29561e-05
adDual,1000,7.29561e-05
adDual,1000,7.31945e-05
adDual,1000,7.29561e-05
adDual,1000,7.29561e-05
adDual,1000,7.29561e-05
adGradient,100,0.0637932
adGradient,100,1.5974e-05
adGradient,100,1.50204e-05
adGradient,100,1.50204e-05
adGradient,100,1.50204e-05
adGradient,100,1.38283e-05
adGradient,100,1.50204e-05
adGradient,100,1.38283e-05
adGradient,100,1.4782e-05
adGradient,100,1.50204e-05
adGradient,100,1.50204e-05
adGradient,100,1.40667e-05
adGradient,100,1.50204e-05
adGradient,100,1.50204e-05
adGradient,100,2.00272e-05
adGradient,100,1.40667e-05
adGradient,100,1.38283e-05
adGradient,100,1.40667e-05
adGradient,100,1.38283e-05
adGradient,100,1.40667e-05
adGradient,100,1.50204e-05
adGradient,100,1.38283e-05
adGradient,100,1.50204e-05
adGradient,100,1.38283e-05
adGradient,100,1.40667e-05
adGradient,100,1.50204e-05
adGradient,100,1.40667e-05
adGradient,100,1.50204e-05
adGradient,100,1.38283e-05
adGradient,100,1.40667e-05
adGradient,100,1.50204e-05
adGradient,100,1.40667e-05
adGradient,100,1.50204e-05
adGradient,100,1.40667e-05
adGradient,100,1.50204e-05
adGradient,100,1.40667e-05
adGradient,100,1.40667e-05
adGradient,100,1.40667e-05
adGradient,100,1.5974e-05
adGradient,100,1.50204e-05
adGradient,100,1.40667e-05
adGradient,100,1.50204e-05
adGradient,100,1.40667e-05
adGradient,100,1.50204e-05
adGradient,100,1.40667e-05
adGradient,100,1.50204e-05
adGradient,100,1.40667e-05
adGradient,100,1.50204e-05
adGradient,100,1.40667e-05
adGradient,100,1.50204e-05
adGradient,100,1.40667e-05
adGradient,100,1.50204e-05
adGradient,100,1.40667e-05
adGradient,100,1.50204e-05
adGradient,100,1.40667e-05
adGradient,100,1.50204e-05
adGradient,100,1.40667e-05
adGradient,100,1.50204e-05
adGradient,100,1.40667e-05
adGradient,100,1.50204e-05
adGradient,100,1.40667e-05
adGradient,100,1.40667e-05
adGradient,100,1.50204e-05
adGradient,100,1.40667e-05
adGradient,100,1.40667e-05
adGradient,100,1.50204e-05
adGradient,100,1.40667e-05
adGradient,100,1.50204e-05
adGradient,100,1.40667e-05
adGradient,100,1.50204e-05
adGradient,100,1.40667e-05
adGradient,100,1.40667e-05
adGradient,100,1.50204e-05
adGradient,100,1.71661e-05
adGradient,100,2.09808e-05
adGradient,100,2.19345e-05
adGradient,100,1.88351e-05
adGradient,100,1.50204e-05
adGradient,100,1.40667e-05
adGradient,100,1.40667e-05
adGradient,100,1.50204e-05
adGradient,100,1.40667e-05
adGradient,100,1.50204e-05
adGradient,100,1.40667e-05
adGradient,100,1.50204e-05
adGradient,100,1.50204e-05
adGradient,100,1.40667e-05
adGradient,100,1.50204e-05
adGradient,100,1.50204e-05
adGradient,100,1.40667e-05
adGradient,100,1.50204e-05
adGradient,100,1.40667e-05
adGradient,100,1.50204e-05
adGradient,100,1.50204e-05
adGradient,100,1.40667e-05
adGradient,100,1.50204e-05
adGradient,100,1.40667e-05
adGradient,100,1.50204e-05
adGradient,100,1.40667e-05
adGradient,100,1.38283e-05
adGradient,200,0.0464308
adGradient,200,3.19481e-05
adGradient,200,3.19481e-05
adGradient,200,3.19481e-05
adGradient,200,3.21865e-05
adGradient,200,3.09944e-05
adGradient,200,3.19481e-05
adGradient,200,3.19481e-05
adGradient,200,3.09944e-05
adGradient,200,3.09944e-05
adGradient,200,3.09944e-05
adGradient,200,3.19481e-05
adGradient,200,3.09944e-05
adGradient,200,3.21865e-05
adGradient,200,3.09944e-05
adGradient,200,3.19481e-05
adGradient,200,3.12328e-05
adGradient,200,3.09944e-05
adGradient,200,3.09944e-05
adGradient,200,3.09944e-05
adGradient,200,3.19481e-05
adGradient,200,3.09944e-05
adGradient,200,3.21865e-05
adGradient,200,3.09944e-05
adGradient,200,3.09944e-05
adGradient,200,3.09944e-05
adGradient,200,3.09944e-05
adGradient,200,3.09944e-05
adGradient,200,3.19481e-05
adGradient,200,3.12328e-05
adGradient,200,3.19481e-05
adGradient,200,3.09944e-05
adGradient,200,3.21865e-05
adGradient,200,3.09944e-05
adGradient,200,3.09944e-05
adGradient,200,3.09944e-05
adGradient,200,3.21865e-05
adGradient,200,3.19481e-05
adGradient,200,3.09944e-05
adGradient,200,3.09944e-05
adGradient,200,3.19481e-05
adGradient,200,3.09944e-05
adGradient,200,3.21865e-05
adGradient,200,3.09944e-05
adGradient,200,3.19481e-05
adGradient,200,3.21865e-05
adGradient,200,3.09944e-05
adGradient,200,3.19481e-05
adGradient,200,3.09944e-05
adGradient,200,3.09944e-05
adGradient,200,3.19481e-05
adGradient,200,3.19481e-05
adGradient,200,3.09944e-05
adGradient,200,3.19481e-05
adGradient,200,3.09944e-05
adGradient,200,3.21865e-05
adGradient,200,3.09944e-05
adGradient,200,3.19481e-05
adGradient,200,3.09944e-05
adGradient,200,3.09944e-05
adGradient,200,3.09944e-05
adGradient,200,3.50475e-05
adGradient,200,3.19481e-05
adGradient,200,3.19481e-05
adGradient,200,3.91006e-05
adGradient,200,2.90871e-05
adGradient,200,2.81334e-05
adGradient,200,2.88486e-05
adGradient,200,2.88486e-05
adGradient,200,2.90871e-05
adGradient,200,2.90871e-05
adGradient,200,2.90871e-05
adGradient,200,2.90871e-05
adGradient,200,2.7895e-05
adGradient,200,2.7895e-05
adGradient,200,2.81334e-05
adGradient,200,2.90871e-05
adGradient,200,2.90871e-05
adGradient,200,2.88486e-05
adGradient,200,2.7895e-05
adGradient,200,2.90871e-05
adGradient,200,2.90871e-05
adGradient,200,2.7895e-05
adGradient,200,2.90871e-05
adGradient,200,2.90871e-05
adGradient,200,2.90871e-05
adGradient,200,2.90871e-05
adGradient,200,2.7895e-05
adGradient,200,2.90871e-05
adGradient,200,2.90871e-05
adGradient,200,3.00407e-05
adGradient,200,2.7895e-05
adGradient,200,2.81334e-05
adGradient,200,2.90871e-05
adGradient,200,2.81334e-05
adGradient,200,2.7895e-05
adGradient,200,2.7895e-05
adGradient,200,2.7895e-05
adGradient,200,2.81334e-05
adGradient,200,2.90871e-05
adGradient,300,0.046114
adGradient,300,4.41074e-05
adGradient,300,4.31538e-05
adGradient,300,4.31538e-05
adGradient,300,4.29153e-05
adGradient,300,4.31538e-05
adGradient,300,5.00679e-05
adGradient,300,4.3869e-05
adGradient,300,4.41074e-05
adGradient,300,4.29153e-05
adGradient,300,4.3869e-05
adGradient,300,4.31538e-05
adGradient,300,4.29153e-05
adGradient,300,4.29153e-05
adGradient,300,4.69685e-05
adGradient,300,4.29153e-05
adGradient,300,4.31538e-05
adGradient,300,4.29153e-05
adGradient,300,4.3869e-05
adGradient,300,4.41074e-05
adGradient,300,4.29153e-05
adGradient,300,4.57764e-05
adGradient,300,4.3869e-05
adGradient,300,4.3869e-05
adGradient,300,4.31538e-05
adGradient,300,4.29153e-05
adGradient,300,4.31538e-05
adGradient,300,4.19617e-05
adGradient,300,4.29153e-05
adGradient,300,4.31538e-05
adGradient,300,4.69685e-05
adGradient,300,4.31538e-05
adGradient,300,4.29153e-05
adGradient,300,4.29153e-05
adGradient,300,4.31538e-05
adGradient,300,4.29153e-05
adGradient,300,4.29153e-05
adGradient,300,4.29153e-05
adGradient,300,5.79357e-05
adGradient,300,4.31538e-05
adGradient,300,4.29153e-05
adGradient,300,4.29153e-05
adGradient,300,4.29153e-05
adGradient,300,4.3869e-05
adGradient,300,4.31538e-05
adGradient,300,4.29153e-05
adGradient,300,4.60148e-05
adGradient,300,4.29153e-05
adGradient,300,4.29153e-05
adGradient,300,4.29153e-05
adGradient,300,4.29153e-05
adGradient,300,4.29153e-05
adGradient,300,4.31538e-05
adGradient,300,4.3869e-05
adGradient,300,4.31538e-05
adGradient,300,4.69685e-05
adGradient,300,4.3869e-05
adGradient,300,4.31538e-05
adGradient,300,4.29153e-05
adGradient,300,4.31538e-05
adGradient,300,4.29153e-05
adGradient,300,4.29153e-05
adGradient,300,4.41074e-05
adGradient,300,4.60148e-05
adGradient,300,4.31538e-05
adGradient,300,4.3869e-05
adGradient,300,4.19617e-05
adGradient,300,4.3869e-05
adGradient,300,4.29153e-05
adGradient,300,4.31538e-05
adGradient,300,4.29153e-05
adGradient,300,4.69685e-05
adGradient,300,4.3869e-05
adGradient,300,4.31538e-05
adGradient,300,4.19617e-05
adGradient,300,4.29153e-05
adGradient,300,4.69685e-05
adGradient,300,4.3869e-05
adGradient,300,4.31538e-05
adGradient,300,4.29153e-05
adGradient,300,4.41074e-05
adGradient,300,4.29153e-05
adGradient,300,4.29153e-05
adGradient,300,4.31538e-05
adGradient,300,4.29153e-05
adGradient,300,4.29153e-05
adGradient,300,4.29153e-05
adGradient,300,4.29153e-05
adGradient,300,4.31538e-05
adGradient,300,4.29153e-05
adGradient,300,4.31538e-05
adGradient,300,4.29153e-05
adGradient,300,4.29153e-05
adGradient,300,4.29153e-05
adGradient,300,4.29153e-05
adGradient,300,4.22001e-05
adGradient,300,4.29153e-05
adGradient,300,4.29153e-05
adGradient,300,4.41074e-05
adGradient,300,4.29153e-05
adGradient,400,0.0487111
adGradient,400,6.79493e-05
adGradient,400,5.91278e-05
adGradient,400,6.60419e-05
adGradient,400,7.00951e-05
adGradient,400,5.81741e-05
adGradient,400,5.6982e-05
adGradient,400,5.81741e-05
adGradient,400,6.19888e-05
adGradient,400,5.79357e-05
adGradient,400,5.6982e-05
adGradient,400,5.6982e-05
adGradient,400,5.79357e-05
adGradient,400,5.81741e-05
adGradient,400,6.29425e-05
adGradient,400,5.81741e-05
adGradient,400,5.79357e-05
adGradient,400,5.6982e-05
adGradient,400,5.79357e-05
adGradient,400,5.79357e-05
adGradient,400,5.79357e-05
adGradient,400,5.81741e-05
adGradient,400,5.79357e-05
adGradient,400,6.19888e-05
adGradient,400,5.79357e-05
adGradient,400,5.81741e-05
adGradient,400,5.79357e-05
adGradient,400,5.79357e-05
adGradient,400,5.79357e-05
adGradient,400,5.81741e-05
adGradient,400,5.79357e-05
adGradient,400,5.81741e-05
adGradient,400,5.79357e-05
adGradient,400,6.60419e-05
adGradient,400,6.58035e-05
adGradient,400,5.88894e-05
adGradient,400,5.81741e-05
adGradient,400,5.79357e-05
adGradient,400,5.79357e-05
adGradient,400,5.79357e-05
adGradient,400,6.19888e-05
adGradient,400,5.79357e-05
adGradient,400,5.6982e-05
adGradient,400,5.88894e-05
adGradient,400,5.88894e-05
adGradient,400,5.81741e-05
adGradient,400,5.79357e-05
adGradient,400,5.6982e-05
adGradient,400,5.6982e-05
adGradient,400,5.81741e-05
adGradient,400,5.79357e-05
adGradient,400,5.72205e-05
adGradient,400,5.79357e-05
adGradient,400,5.91278e-05
adGradient,400,5.79357e-05
adGradient,400,5.79357e-05
adGradient,400,5.79357e-05
adGradient,400,5.81741e-05
adGradient,400,5.6982e-05
adGradient,400,5.6982e-05
adGradient,400,5.79357e-05
adGradient,400,5.81741e-05
adGradient,400,5.79357e-05
adGradient,400,7.9155e-05
adGradient,400,9.39369e-05
adGradient,400,6.31809e-05
adGradient,400,8.32081e-05
adGradient,400,6.19888e-05
adGradient,400,7.51019e-05
adGradient,400,5.88894e-05
adGradient,400,5.79357e-05
adGradient,400,5.79357e-05
adGradient,400,5.79357e-05
adGradient,400,5.79357e-05
adGradient,400,5.79357e-05
adGradient,400,5.79357e-05
adGradient,400,5.79357e-05
adGradient,400,6.50883e-05
adGradient,400,5.79357e-05
adGradient,400,5.79357e-05
adGradient,400,5.91278e-05
adGradient,400,5.79357e-05
adGradient,400,5.79357e-05
adGradient,400,5.6982e-05
adGradient,400,5.79357e-05
adGradient,400,5.79357e-05
adGradient,400,5.79357e-05
adGradient,400,5.81741e-05
adGradient,400,5.79357e-05
adGradient,400,5.91278e-05
adGradient,400,6.60419e-05
adGradient,400,5.60284e-05
adGradient,400,5.6982e-05
adGradient,400,5.60284e-05
adGradient,400,5.6982e-05
adGradient,400,5.60284e-05
adGradient,400,5.60284e-05
adGradient,400,5.60284e-05
adGradient,400,5.60284e-05
adGradient,400,5.60284e-05
adGradient,500,0.0488651
adGradient,500,7.31945e-05
adGradient,500,7.29561e-05
adGradient,500,7.20024e-05
adGradient,500,7.29561e-05
adGradient,500,7.20024e-05
adGradient,500,7.20024e-05
adGradient,500,7.20024e-05
adGradient,500,7.20024e-05
adGradient,500,7.10487e-05
adGradient,500,7.29561e-05
adGradient,500,7.29561e-05
adGradient,500,7.29561e-05
adGradient,500,7.29561e-05
adGradient,500,7.20024e-05
adGradient,500,7.20024e-05
adGradient,500,7.20024e-05
adGradient,500,7.31945e-05
adGradient,500,7.29561e-05
adGradient,500,7.29561e-05
adGradient,500,7.29561e-05
adGradient,500,7.20024e-05
adGradient,500,7.20024e-05
adGradient,500,7.20024e-05
adGradient,500,7.20024e-05
adGradient,500,7.20024e-05
adGradient,500,7.20024e-05
adGradient,500,7.20024e-05
adGradient,500,7.20024e-05
adGradient,500,7.10487e-05
adGradient,500,7.20024e-05
adGradient,500,7.29561e-05
adGradient,500,7.20024e-05
adGradient,500,8.10623e-05
adGradient,500,7.00951e-05
adGradient,500,7.10487e-05
adGradient,500,7.10487e-05
adGradient,500,7.10487e-05
adGradient,500,7.10487e-05
adGradient,500,7.10487e-05
adGradient,500,7.00951e-05
adGradient,500,7.00951e-05
adGradient,500,9.01222e-05
adGradient,500,7.20024e-05
adGradient,500,7.20024e-05
adGradient,500,7.89165e-05
adGradient,500,6.8903e-05
adGradient,500,6.98566e-05
adGradient,500,6.98566e-05
adGradient,500,7.10487e-05
adGradient,500,7.10487e-05
adGradient,500,8.29697e-05
adGradient,500,8.10623e-05
adGradient,500,7.00951e-05
adGradient,500,7.10487e-05
adGradient,500,7.00951e-05
adGradient,500,7.00951e-05
adGradient,500,7.00951e-05
adGradient,500,7.9155e-05
adGradient,500,7.29561e-05
adGradient,500,9.91821e-05
adGradient,500,7.31945e-05
adGradient,500,7.29561e-05
adGradient,500,7.20024e-05
adGradient,500,7.20024e-05
adGradient,500,7.20024e-05
adGradient,500,7.20024e-05
adGradient,500,7.20024e-05
adGradient,500,7.20024e-05
adGradient,500,7.08103e-05
adGradient,500,7.29561e-05
adGradient,500,7.29561e-05
adGradient,500,7.20024e-05
adGradient,500,7.31945e-05
adGradient,500,7.20024e-05
adGradient,500,7.20024e-05
adGradient,500,7.20024e-05
adGradient,500,7.20024e-05
adGradient,500,7.20024e-05
adGradient,500,7.29561e-05
adGradient,500,7.29561e-05
adGradient,500,7.29561e-05
adGradient,500,7.20024e-05
adGradient,500,7.20024e-05
adGradient,500,7.60555e-05
adGradient,500,7.29561e-05
adGradient,500,7.29561e-05
adGradient,500,7.20024e-05
adGradient,500,7.29561e-05
adGradient,500,7.29561e-05
adGradient,500,7.20024e-05
adGradient,500,7.20024e-05
adGradient,500,7.20024e-05
adGradient,500,7.20024e-05
adGradient,500,7.20024e-05
adGradient,500,7.39098e-05
adGradient,500,7.20024e-05
adGradient,500,7.20024e-05
adGradient,500,7.31945e-05
adGradient,500,7.20024e-05
adGradient,600,0.0586078
adGradient,600,8.79765e-05
adGradient,600,8.70228e-05
adGradient,600,8.67844e-05
adGradient,600,8.70228e-05
adGradient,600,8.60691e-05
adGradient,600,8.70228e-05
adGradient,600,8.58307e-05
adGradient,600,8.70228e-05
adGradient,600,8.58307e-05
adGradient,600,8.60691e-05
adGradient,600,8.70228e-05
adGradient,600,8.70228e-05
adGradient,600,8.70228e-05
adGradient,600,8.70228e-05
adGradient,600,8.70228e-05
adGradient,600,8.70228e-05
adGradient,600,8.70228e-05
adGradient,600,8.60691e-05
adGradient,600,8.60691e-05
adGradient,600,8.70228e-05
adGradient,600,9.17912e-05
adGradient,600,8.70228e-05
adGradient,600,8.70228e-05
adGradient,600,8.60691e-05
adGradient,600,8.70228e-05
adGradient,600,8.58307e-05
adGradient,600,8.58307e-05
adGradient,600,8.58307e-05
adGradient,600,8.70228e-05
adGradient,600,8.60691e-05
adGradient,600,8.60691e-05
adGradient,600,8.70228e-05
adGradient,600,8.70228e-05
adGradient,600,8.79765e-05
adGradient,600,8.58307e-05
adGradient,600,8.70228e-05
adGradient,600,0.000100851
adGradient,600,9.98974e-05
adGradient,600,9.39369e-05
adGradient,600,9.29832e-05
adGradient,600,8.2016e-05
adGradient,600,8.29697e-05
adGradient,600,8.2016e-05
adGradient,600,8.2016e-05
adGradient,600,8.29697e-05
adGradient,600,8.2016e-05
adGradient,600,8.2016e-05
adGradient,600,8.2016e-05
adGradient,600,8.2016e-05
adGradient,600,8.2016e-05
adGradient,600,8.2016e-05
adGradient,600,8.2016e-05
adGradient,600,8.10623e-05
adGradient,600,8.29697e-05
adGradient,600,8.29697e-05
adGradient,600,8.2016e-05
adGradient,600,8.29697e-05
adGradient,600,8.2016e-05
adGradient,600,8.2016e-05
adGradient,600,8.29697e-05
adGradient,600,8.32081e-05
adGradient,600,8.29697e-05
adGradient,600,8.29697e-05
adGradient,600,8.2016e-05
adGradient,600,8.2016e-05
adGradient,600,8.29697e-05
adGradient,600,8.29697e-05
adGradient,600,8.17776e-05
adGradient,600,8.2016e-05
adGradient,600,8.2016e-05
adGradient,600,8.2016e-05
adGradient,600,8.2016e-05
adGradient,600,8.17776e-05
adGradient,600,8.2016e-05
adGradient,600,8.29697e-05
adGradient,600,8.2016e-05
adGradient,600,8.2016e-05
adGradient,600,8.29697e-05
adGradient,600,8.2016e-05
adGradient,600,8.29697e-05
adGradient,600,8.2016e-05
adGradient,600,8.2016e-05
adGradient,600,8.29697e-05
adGradient,600,8.10623e-05
adGradient,600,8.29697e-05
adGradient,600,8.17776e-05
adGradient,600,8.2016e-05
adGradient,600,8.29697e-05
adGradient,600,8.2016e-05
adGradient,600,8.2016e-05
adGradient,600,8.29697e-05
adGradient,600,8.2016e-05
adGradient,600,8.2016e-05
adGradient,600,8.17776e-05
adGradient,600,9.29832e-05
adGradient,600,8.2016e-05
adGradient,600,8.2016e-05
adGradient,600,8.29697e-05
adGradient,600,8.2016e-05
adGradient,700,0.0525291
adGradient,700,0.000102997
adGradient,700,0.000102043
adGradient,700,0.000101805
adGradient,700,0.000100851
adGradient,700,0.000100851
adGradient,700,0.000102043
adGradient,700,0.000101089
adGradient,700,0.000101089
adGradient,700,0.000101089
adGradient,700,0.000102043
adGradient,700,0.000102043
adGradient,700,0.000102043
adGradient,700,0.000102043
adGradient,700,0.000102043
adGradient,700,0.000101089
adGradient,700,0.000102043
adGradient,700,0.000101089
adGradient,700,0.00010705
adGradient,700,0.000102043
adGradient,700,0.000102043
adGradient,700,0.000102043
adGradient,700,0.000101089
adGradient,700,0.000102043
adGradient,700,0.000102043
adGradient,700,0.000102043
adGradient,700,0.000102043
adGradient,700,0.000102043
adGradient,700,0.000101089
adGradient,700,0.000100136
adGradient,700,0.000102043
adGradient,700,0.000100136
adGradient,700,0.000101089
adGradient,700,0.000101089
adGradient,700,0.000104904
adGradient,700,9.70364e-05
adGradient,700,9.60827e-05
adGradient,700,9.60827e-05
adGradient,700,9.5129e-05
adGradient,700,9.60827e-05
adGradient,700,9.60827e-05
adGradient,700,9.60827e-05
adGradient,700,9.60827e-05
adGradient,700,9.60827e-05
adGradient,700,9.60827e-05
adGradient,700,9.58443e-05
adGradient,700,9.58443e-05
adGradient,700,9.58443e-05
adGradient,700,9.70364e-05
adGradient,700,9.67979e-05
adGradient,700,9.58443e-05
adGradient,700,9.58443e-05
adGradient,700,9.67979e-05
adGradient,700,0.000105858
adGradient,700,0.000123978
adGradient,700,0.000108957
adGradient,700,9.91821e-05
adGradient,700,9.89437e-05
adGradient,700,9.89437e-05
adGradient,700,0.000118017
adGradient,700,9.82285e-05
adGradient,700,9.89437e-05
adGradient,700,9.89437e-05
adGradient,700,9.89437e-05
adGradient,700,0.000108957
adGradient,700,0.000127077
adGradient,700,9.89437e-05
adGradient,700,9.89437e-05
adGradient,700,9.82285e-05
adGradient,700,9.799e-05
adGradient,700,9.799e-05
adGradient,700,9.89437e-05
adGradient,700,9.799e-05
adGradient,700,9.799e-05
adGradient,700,9.89437e-05
adGradient,700,9.89437e-05
adGradient,700,9.799e-05
adGradient,700,9.89437e-05
adGradient,700,9.799e-05
adGradient,700,9.799e-05
adGradient,700,9.89437e-05
adGradient,700,9.799e-05
adGradient,700,9.799e-05
adGradient,700,9.89437e-05
adGradient,700,9.799e-05
adGradient,700,9.799e-05
adGradient,700,9.799e-05
adGradient,700,9.89437e-05
adGradient,700,9.89437e-05
adGradient,700,9.89437e-05
adGradient,700,9.89437e-05
adGradient,700,9.89437e-05
adGradient,700,9.89437e-05
adGradient,700,9.91821e-05
adGradient,700,9.89437e-05
adGradient,700,9.82285e-05
adGradient,700,9.89437e-05
adGradient,700,9.91821e-05
adGradient,700,9.89437e-05
adGradient,700,9.89437e-05
adGradient,800,0.0422621
adGradient,800,0.000133991
adGradient,800,0.00011301
adGradient,800,0.00012207
adGradient,800,0.000109911
adGradient,800,0.000108957
adGradient,800,0.000110149
adGradient,800,0.000109911
adGradient,800,0.000109911
adGradient,800,0.000109911
adGradient,800,0.000109911
adGradient,800,0.000109911
adGradient,800,0.000119209
adGradient,800,0.000113964
adGradient,800,0.00011301
adGradient,800,0.00011301
adGradient,800,0.00011301
adGradient,800,0.00011301
adGradient,800,0.00011301
adGradient,800,0.00011301
adGradient,800,0.00011301
adGradient,800,0.000127077
adGradient,800,0.000117064
adGradient,800,0.000133991
adGradient,800,0.000132799
adGradient,800,0.00011611
adGradient,800,0.000115871
adGradient,800,0.000127077
adGradient,800,0.000165939
adGradient,800,0.000128984
adGradient,800,0.000134945
adGradient,800,0.000133991
adGradient,800,0.000133991
adGradient,800,0.000127077
adGradient,800,0.000127077
adGradient,800,0.000126839
adGradient,800,0.000127077
adGradient,800,0.000126123
adGradient,800,0.000126123
adGradient,800,0.000126123
adGradient,800,0.000127077
adGradient,800,0.000126839
adGradient,800,0.000125885
adGradient,800,0.000125885
adGradient,800,0.000126123
adGradient,800,0.000126123
adGradient,800,0.000126123
adGradient,800,0.000126839
adGradient,800,0.000127077
adGradient,800,0.000126839
adGradient,800,0.000126839
adGradient,800,0.000127077
adGradient,800,0.000126839
adGradient,800,0.000126123
adGradient,800,0.000127077
adGradient,800,0.000126123
adGradient,800,0.000126123
adGradient,800,0.000127077
adGradient,800,0.000128031
adGradient,800,0.00011611
adGradient,800,0.00011611
adGradient,800,0.000115871
adGradient,800,0.000115871
adGradient,800,0.000115871
adGradient,800,0.00011611
adGradient,800,0.00011611
adGradient,800,0.00011611
adGradient,800,0.000114918
adGradient,800,0.000115871
adGradient,800,0.000116825
adGradient,800,0.000123024
adGradient,800,0.000109911
adGradient,800,0.000110149
adGradient,800,0.000111103
adGradient,800,0.000110865
adGradient,800,0.000109911
adGradient,800,0.000144005
adGradient,800,0.000133038
adGradient,800,0.000115871
adGradient,800,0.00012207
adGradient,800,0.00011301
adGradient,800,0.00011301
adGradient,800,0.00011301
adGradient,800,0.000119925
adGradient,800,0.000110149
adGradient,800,0.000110149
adGradient,800,0.000109911
adGradient,800,0.000118971
adGradient,800,0.00011301
adGradient,800,0.000114202
adGradient,800,0.00011301
adGradient,800,0.000113964
adGradient,800,0.00011301
adGradient,800,0.000112057
adGradient,800,0.00011301
adGradient,800,0.00011301
adGradient,800,0.00011301
adGradient,800,0.000112057
adGradient,800,0.000113964
adGradient,800,0.00011301
adGradient,900,0.0454161
adGradient,900,0.000128984
adGradient,900,0.000128031
adGradient,900,0.000126839
adGradient,900,0.000127077
adGradient,900,0.000127077
adGradient,900,0.000134945
adGradient,900,0.000123978
adGradient,900,0.000123978
adGradient,900,0.000124216
adGradient,900,0.000124931
adGradient,900,0.000123978
adGradient,900,0.000124216
adGradient,900,0.000144958
adGradient,900,0.000143051
adGradient,900,0.000122786
adGradient,900,0.000123978
adGradient,900,0.000123024
adGradient,900,0.000122786
adGradient,900,0.000127077
adGradient,900,0.000123978
adGradient,900,0.000123978
adGradient,900,0.000133038
adGradient,900,0.000126123
adGradient,900,0.000127077
adGradient,900,0.000127077
adGradient,900,0.000128031
adGradient,900,0.000128031
adGradient,900,0.000127077
adGradient,900,0.000127077
adGradient,900,0.000125885
adGradient,900,0.000127077
adGradient,900,0.000128031
adGradient,900,0.000127077
adGradient,900,0.000127077
adGradient,900,0.000127077
adGradient,900,0.000126839
adGradient,900,0.000128031
adGradient,900,0.000126839
adGradient,900,0.000126839
adGradient,900,0.000127077
adGradient,900,0.000127077
adGradient,900,0.000127077
adGradient,900,0.000144958
adGradient,900,0.000137806
adGradient,900,0.000133991
adGradient,900,0.000123978
adGradient,900,0.000123978
adGradient,900,0.000123024
adGradient,900,0.000123978
adGradient,900,0.000123978
adGradient,900,0.000123978
adGradient,900,0.000123978
adGradient,900,0.000123978
adGradient,900,0.000133038
adGradient,900,0.000133991
adGradient,900,0.000123024
adGradient,900,0.000133991
adGradient,900,0.000125885
adGradient,900,0.000125885
adGradient,900,0.000125885
adGradient,900,0.000125885
adGradient,900,0.000128031
adGradient,900,0.000126123
adGradient,900,0.000127077
adGradient,900,0.000127077
adGradient,900,0.000127077
adGradient,900,0.000125885
adGradient,900,0.000127077
adGradient,900,0.000126839
adGradient,900,0.000126839
adGradient,900,0.000136852
adGradient,900,0.00014782
adGradient,900,0.000130892
adGradient,900,0.000130892
adGradient,900,0.000130892
adGradient,900,0.00013113
adGradient,900,0.000129938
adGradient,900,0.000130177
adGradient,900,0.000136137
adGradient,900,0.000127077
adGradient,900,0.000126123
adGradient,900,0.000145912
adGradient,900,0.000126839
adGradient,900,0.000127077
adGradient,900,0.000126839
adGradient,900,0.000125885
adGradient,900,0.000127077
adGradient,900,0.000128031
adGradient,900,0.000127077
adGradient,900,0.000127077
adGradient,900,0.000127077
adGradient,900,0.000127077
adGradient,900,0.000127077
adGradient,900,0.000127077
adGradient,900,0.000128031
adGradient,900,0.000128984
adGradient,900,0.000125885
adGradient,900,0.000127077
adGradient,900,0.000127077
adGradient,1000,0.042171
adGradient,1000,0.000141859
adGradient,1000,0.000141859
adGradient,1000,0.000141859
adGradient,1000,0.000151157
adGradient,1000,0.000151157
adGradient,1000,0.000143051
adGradient,1000,0.000142097
adGradient,1000,0.000142097
adGradient,1000,0.000141859
adGradient,1000,0.000141859
adGradient,1000,0.000142097
adGradient,1000,0.000142097
adGradient,1000,0.000141144
adGradient,1000,0.000140905
adGradient,1000,0.000141859
adGradient,1000,0.000141859
adGradient,1000,0.000142097
adGradient,1000,0.000141144
adGradient,1000,0.000140905
adGradient,1000,0.000141144
adGradient,1000,0.000142097
adGradient,1000,0.000141859
adGradient,1000,0.000141859
adGradient,1000,0.000149012
adGradient,1000,0.000149012
adGradient,1000,0.000149965
adGradient,1000,0.000137091
adGradient,1000,0.000137091
adGradient,1000,0.000137091
adGradient,1000,0.000137091
adGradient,1000,0.000138044
adGradient,1000,0.000138044
adGradient,1000,0.000138998
adGradient,1000,0.000137091
adGradient,1000,0.000138044
adGradient,1000,0.000136852
adGradient,1000,0.000136852
adGradient,1000,0.000210047
adGradient,1000,0.000187874
adGradient,1000,0.00018692
adGradient,1000,0.000185966
adGradient,1000,0.000187159
adGradient,1000,0.000187159
adGradient,1000,0.00018692
adGradient,1000,0.000185013
adGradient,1000,0.00018692
adGradient,1000,0.00018692
adGradient,1000,0.000185966
adGradient,1000,0.00018692
adGradient,1000,0.000187874
adGradient,1000,0.00018692
adGradient,1000,0.000188112
adGradient,1000,0.000187159
adGradient,1000,0.000185966
adGradient,1000,0.00018692
adGradient,1000,0.00018692
adGradient,1000,0.000187159
adGradient,1000,0.000185966
adGradient,1000,0.00018692
adGradient,1000,0.000187159
adGradient,1000,0.000188112
adGradient,1000,0.000185966
adGradient,1000,0.000187159
adGradient,1000,0.000187159
adGradient,1000,0.000185966
adGradient,1000,0.000187159
adGradient,1000,0.00018692
adGradient,1000,0.00018692
adGradient,1000,0.00018692
adGradient,1000,0.000187159
adGradient,1000,0.00018692
adGradient,1000,0.000188828
adGradient,1000,0.000158072
adGradient,1000,0.000159025
adGradient,1000,0.000159025
adGradient,1000,0.000159025
adGradient,1000,0.000159979
adGradient,1000,0.000159025
adGradient,1000,0.000159025
adGradient,1000,0.000159025
adGradient,1000,0.000158787
adGradient,1000,0.000159025
adGradient,1000,0.000159025
adGradient,1000,0.000158072
adGradient,1000,0.000158072
adGradient,1000,0.000158072
adGradient,1000,0.000157118
adGradient,1000,0.000158072
adGradient,1000,0.000159025
adGradient,1000,0.000159025
adGradient,1000,0.000158072
adGradient,1000,0.000158072
adGradient,1000,0.000158072
adGradient,1000,0.000162125
adGradient,1000,0.000158072
adGradient,1000,0.000159025
adGradient,1000,0.000160933
adGradient,1000,0.000142097
adGradient,1000,0.000142097
